Name,Mean HSV,Standart Deviasi
download.png,0.09758,4.987321740533701
download (1).png,1.04958,16.326092056080036
